id1,id2,frechet_dist
630,629,618982.4480137565
633,629,374301.3118277599
629,630,618982.4480137565
633,630,499511.84697618126
629,633,374301.3118277599
630,633,499511.84697618126
