id1,id2,frechet_dist
633,629,352358.9343340017
629,633,352358.9343340017
